490564187345518594,CarrotBot Server
490627345871536168,KSP Forums Minecraft
490601516126699542,CustomPlanetPack Server
490631233290895384,Terras Ignotas
490633002905370635,The Wasteland
490634796964380672,KSP Server Number ~1 Billion
490635984145481730,Keara's Coding
490666549305278474,The Server of Mrcarrot
494588527451832341,Rapidity
496094509789216798,CyberFox Official Server
498623565176766484,IIslands of ROBOTS Server
517484469356199961,The Mighty Empire of Pingwen
517486026009083941,The Minmus Derp's Server
533342719981125642,The Urban Shack Pack
533762871579115530,The Dead Communist Boisâ„¢
543972667326201887,House of Bots
550856854683516928,House of Global
567078880343490570,Captain Sparky Club